Reconnaissance,T1595,Pre-compromise,,,,,,,,,,,,,,,,,,,,,,,,,,,
Reconnaissance,T1595.001,,,,,,,,,,,,,,,,,,,,,,,,,,,,
Reconnaissance,T1595.002,,,,,,,,,,,,,,,,,,,,,,,,,,,,
Reconnaissance,T1595.003,,,,,,,,,,,,,,,,,,,,,,,,,,,,
Reconnaissance,T1592,Pre-compromise,,,,,,,,,,,,,,,,,,,,,,,,,,,
Reconnaissance,T1592.004,,,,,,,,,,,,,,,,,,,,,,,,,,,,
Reconnaissance,T1592.003,,,,,,,,,,,,,,,,,,,,,,,,,,,,
Reconnaissance,T1592.001,,,,,,,,,,,,,,,,,,,,,,,,,,,,
Reconnaissance,T1592.002,,,,,,,,,,,,,,,,,,,,,,,,,,,,
Reconnaissance,T1589,Pre-compromise,,,,,,,,,,,,,,,,,,,,,,,,,,,
Reconnaissance,T1589.001,,,,,,,,,,,,,,,,,,,,,,,,,,,,
Reconnaissance,T1589.002,,,,,,,,,,,,,,,,,,,,,,,,,,,,
Reconnaissance,T1589.003,,,,,,,,,,,,,,,,,,,,,,,,,,,,
Reconnaissance,T1590,Pre-compromise,,,,,,,,,,,,,,,,,,,,,,,,,,,
Reconnaissance,T1590.002,,,,,,,,,,,,,,,,,,,,,,,,,,,,
Reconnaissance,T1590.001,,,,,,,,,,,,,,,,,,,,,,,,,,,,
Reconnaissance,T1590.005,,,,,,,,,,,,,,,,,,,,,,,,,,,,
Reconnaissance,T1590.006,,,,,,,,,,,,,,,,,,,,,,,,,,,,
Reconnaissance,T1590.004,,,,,,,,,,,,,,,,,,,,,,,,,,,,
Reconnaissance,T1590.003,,,,,,,,,,,,,,,,,,,,,,,,,,,,
Reconnaissance,T1591,Pre-compromise,,,,,,,,,,,,,,,,,,,,,,,,,,,
Reconnaissance,T1591.002,,,,,,,,,,,,,,,,,,,,,,,,,,,,
Reconnaissance,T1591.001,,,,,,,,,,,,,,,,,,,,,,,,,,,,
Reconnaissance,T1591.003,,,,,,,,,,,,,,,,,,,,,,,,,,,,
Reconnaissance,T1591.004,,,,,,,,,,,,,,,,,,,,,,,,,,,,
Reconnaissance,T1598,Software Configuration,User Training,,,,,,,,,,,,,,,,,,,,,,,,,,
Reconnaissance,T1598.002,,,,,,,,,,,,,,,,,,,,,,,,,,,,
Reconnaissance,T1598.003,,,,,,,,,,,,,,,,,,,,,,,,,,,,
Reconnaissance,T1598.001,,,,,,,,,,,,,,,,,,,,,,,,,,,,
Reconnaissance,T1598.004,,,,,,,,,,,,,,,,,,,,,,,,,,,,
Reconnaissance,T1597,Pre-compromise,,,,,,,,,,,,,,,,,,,,,,,,,,,
Reconnaissance,T1597.002,,,,,,,,,,,,,,,,,,,,,,,,,,,,
Reconnaissance,T1597.001,,,,,,,,,,,,,,,,,,,,,,,,,,,,
Reconnaissance,T1596,Pre-compromise,,,,,,,,,,,,,,,,,,,,,,,,,,,
Reconnaissance,T1596.004,,,,,,,,,,,,,,,,,,,,,,,,,,,,
Reconnaissance,T1596.001,,,,,,,,,,,,,,,,,,,,,,,,,,,,
Reconnaissance,T1596.003,,,,,,,,,,,,,,,,,,,,,,,,,,,,
Reconnaissance,T1596.005,,,,,,,,,,,,,,,,,,,,,,,,,,,,
Reconnaissance,T1596.002,,,,,,,,,,,,,,,,,,,,,,,,,,,,
Reconnaissance,T1593,Application Developer Guidance,Audit,,,,,,,,,,,,,,,,,,,,,,,,,,
Reconnaissance,T1593.003,,,,,,,,,,,,,,,,,,,,,,,,,,,,
Reconnaissance,T1593.002,,,,,,,,,,,,,,,,,,,,,,,,,,,,
Reconnaissance,T1593.001,,,,,,,,,,,,,,,,,,,,,,,,,,,,
Reconnaissance,T1594,Pre-compromise,,,,,,,,,,,,,,,,,,,,,,,,,,,
Resource Development,T1650,Pre-compromise,,,,,,,,,,,,,,,,,,,,,,,,,,,
Resource Development,T1583,Pre-compromise,,,,,,,,,,,,,,,,,,,,,,,,,,,
Resource Development,T1583.005,,,,,,,,,,,,,,,,,,,,,,,,,,,,
Resource Development,T1583.002,,,,,,,,,,,,,,,,,,,,,,,,,,,,
Resource Development,T1583.001,,,,,,,,,,,,,,,,,,,,,,,,,,,,
Resource Development,T1583.008,,,,,,,,,,,,,,,,,,,,,,,,,,,,
Resource Development,T1583.004,,,,,,,,,,,,,,,,,,,,,,,,,,,,
Resource Development,T1583.007,,,,,,,,,,,,,,,,,,,,,,,,,,,,
Resource Development,T1583.003,,,,,,,,,,,,,,,,,,,,,,,,,,,,
Resource Development,T1583.006,,,,,,,,,,,,,,,,,,,,,,,,,,,,
Resource Development,T1586,Pre-compromise,,,,,,,,,,,,,,,,,,,,,,,,,,,
Resource Development,T1586.003,,,,,,,,,,,,,,,,,,,,,,,,,,,,
Resource Development,T1586.002,,,,,,,,,,,,,,,,,,,,,,,,,,,,
Resource Development,T1586.001,,,,,,,,,,,,,,,,,,,,,,,,,,,,
Resource Development,T1584,Pre-compromise,,,,,,,,,,,,,,,,,,,,,,,,,,,
Resource Development,T1584.005,,,,,,,,,,,,,,,,,,,,,,,,,,,,
Resource Development,T1584.002,,,,,,,,,,,,,,,,,,,,,,,,,,,,
Resource Development,T1584.001,,,,,,,,,,,,,,,,,,,,,,,,,,,,
Resource Development,T1584.008,,,,,,,,,,,,,,,,,,,,,,,,,,,,
Resource Development,T1584.004,,,,,,,,,,,,,,,,,,,,,,,,,,,,
Resource Development,T1584.007,,,,,,,,,,,,,,,,,,,,,,,,,,,,
Resource Development,T1584.003,,,,,,,,,,,,,,,,,,,,,,,,,,,,
Resource Development,T1584.006,,,,,,,,,,,,,,,,,,,,,,,,,,,,
Resource Development,T1587,Pre-compromise,,,,,,,,,,,,,,,,,,,,,,,,,,,
Resource Development,T1587.002,,,,,,,,,,,,,,,,,,,,,,,,,,,,
Resource Development,T1587.003,,,,,,,,,,,,,,,,,,,,,,,,,,,,
Resource Development,T1587.004,,,,,,,,,,,,,,,,,,,,,,,,,,,,
Resource Development,T1587.001,,,,,,,,,,,,,,,,,,,,,,,,,,,,
Resource Development,T1585,Pre-compromise,,,,,,,,,,,,,,,,,,,,,,,,,,,
Resource Development,T1585.003,,,,,,,,,,,,,,,,,,,,,,,,,,,,
Resource Development,T1585.002,,,,,,,,,,,,,,,,,,,,,,,,,,,,
Resource Development,T1585.001,,,,,,,,,,,,,,,,,,,,,,,,,,,,
Resource Development,T1588,Pre-compromise,,,,,,,,,,,,,,,,,,,,,,,,,,,
Resource Development,T1588.007,,,,,,,,,,,,,,,,,,,,,,,,,,,,
Resource Development,T1588.003,,,,,,,,,,,,,,,,,,,,,,,,,,,,
Resource Development,T1588.004,,,,,,,,,,,,,,,,,,,,,,,,,,,,
Resource Development,T1588.005,,,,,,,,,,,,,,,,,,,,,,,,,,,,
Resource Development,T1588.001,,,,,,,,,,,,,,,,,,,,,,,,,,,,
Resource Development,T1588.002,,,,,,,,,,,,,,,,,,,,,,,,,,,,
Resource Development,T1588.006,,,,,,,,,,,,,,,,,,,,,,,,,,,,
Resource Development,T1608,Pre-compromise,,,,,,,,,,,,,,,,,,,,,,,,,,,
Resource Development,T1608.004,,,,,,,,,,,,,,,,,,,,,,,,,,,,
Resource Development,T1608.003,,,,,,,,,,,,,,,,,,,,,,,,,,,,
Resource Development,T1608.005,,,,,,,,,,,,,,,,,,,,,,,,,,,,
Resource Development,T1608.006,,,,,,,,,,,,,,,,,,,,,,,,,,,,
Resource Development,T1608.001,,,,,,,,,,,,,,,,,,,,,,,,,,,,
Resource Development,T1608.002,,,,,,,,,,,,,,,,,,,,,,,,,,,,
Initial Access,T1659,Encrypt Sensitive Information,Restrict Web-Based Content,,,,,,,,,,,,,,,,,,,,,,,,,,
Initial Access,T1189,Application Isolation and Sandboxing,Exploit Protection,Restrict Web-Based Content,Update Software,,,,,,,,,,,,,,,,,,,,,,,,
Initial Access,T1190,Application Isolation and Sandboxing,Exploit Protection,Network Segmentation,Privileged Account Management,Update Software,Vulnerability Scanning,,,,,,,,,,,,,,,,,,,,,,
Initial Access,T1133,Disable or Remove Feature or Program,Limit Access to Resource Over Network,Multi-factor Authentication,Network Segmentation,,,,,,,,,,,,,,,,,,,,,,,,
Initial Access,T1200,Limit Access to Resource Over Network,Limit Hardware Installation,,,,,,,,,,,,,,,,,,,,,,,,,,
Initial Access,T1566,Antivirus/Antimalware,Antivirus/Antimalware,Antivirus/Antimalware,Audit,Audit,Network Intrusion Prevention,Network Intrusion Prevention,Restrict Web-Based Content,Restrict Web-Based Content,Restrict Web-Based Content,Restrict Web-Based Content,Software Configuration,Software Configuration,Software Configuration,Software Configuration,Software Configuration,Software Configuration,User Account Management,User Training,User Training,User Training,User Training,User Training,User Training,User Training,User Training,User Training,User Training
Initial Access,T1566.001,,,,,,,,,,,,,,,,,,,,,,,,,,,,
Initial Access,T1566.002,,,,,,,,,,,,,,,,,,,,,,,,,,,,
Initial Access,T1566.004,,,,,,,,,,,,,,,,,,,,,,,,,,,,
Initial Access,T1566.003,,,,,,,,,,,,,,,,,,,,,,,,,,,,
Initial Access,T1091,Behavior Prevention on Endpoint,Disable or Remove Feature or Program,Limit Hardware Installation,,,,,,,,,,,,,,,,,,,,,,,,,
Initial Access,T1195,Application Developer Guidance,Boot Integrity,Limit Software Installation,Update Software,Vulnerability Scanning,,,,,,,,,,,,,,,,,,,,,,,
Initial Access,T1195.003,,,,,,,,,,,,,,,,,,,,,,,,,,,,
Initial Access,T1195.001,,,,,,,,,,,,,,,,,,,,,,,,,,,,
Initial Access,T1195.002,,,,,,,,,,,,,,,,,,,,,,,,,,,,
Initial Access,T1199,Multi-factor Authentication,Network Segmentation,User Account Management,,,,,,,,,,,,,,,,,,,,,,,,,
Initial Access,T1078,Account Use Policies,Active Directory Configuration,Application Developer Guidance,Password Policies,Privileged Account Management,User Account Management,User Training,,,,,,,,,,,,,,,,,,,,,
Initial Access,T1078.004,,,,,,,,,,,,,,,,,,,,,,,,,,,,
Initial Access,T1078.001,,,,,,,,,,,,,,,,,,,,,,,,,,,,
Initial Access,T1078.002,,,,,,,,,,,,,,,,,,,,,,,,,,,,
Initial Access,T1078.003,,,,,,,,,,,,,,,,,,,,,,,,,,,,
Execution,T1651,Privileged Account Management,,,,,,,,,,,,,,,,,,,,,,,,,,,
Execution,T1059,Antivirus/Antimalware,Behavior Prevention on Endpoint,Code Signing,Disable or Remove Feature or Program,Execution Prevention,Privileged Account Management,Restrict Web-Based Content,,,,,,,,,,,,,,,,,,,,,
Execution,T1059.002,,,,,,,,,,,,,,,,,,,,,,,,,,,,
Execution,T1059.010,,,,,,,,,,,,,,,,,,,,,,,,,,,,
Execution,T1059.009,,,,,,,,,,,,,,,,,,,,,,,,,,,,
Execution,T1059.007,,,,,,,,,,,,,,,,,,,,,,,,,,,,
Execution,T1059.008,,,,,,,,,,,,,,,,,,,,,,,,,,,,
Execution,T1059.001,,,,,,,,,,,,,,,,,,,,,,,,,,,,
Execution,T1059.006,,,,,,,,,,,,,,,,,,,,,,,,,,,,
Execution,T1059.004,,,,,,,,,,,,,,,,,,,,,,,,,,,,
Execution,T1059.005,,,,,,,,,,,,,,,,,,,,,,,,,,,,
Execution,T1059.003,,,,,,,,,,,,,,,,,,,,,,,,,,,,
Execution,T1609,Disable or Remove Feature or Program,Execution Prevention,Limit Access to Resource Over Network,Privileged Account Management,User Account Management,,,,,,,,,,,,,,,,,,,,,,,
Execution,T1610,Audit,Limit Access to Resource Over Network,Network Segmentation,User Account Management,,,,,,,,,,,,,,,,,,,,,,,,
Execution,T1203,Application Isolation and Sandboxing,Exploit Protection,,,,,,,,,,,,,,,,,,,,,,,,,,
Execution,T1559,Application Developer Guidance,Application Isolation and Sandboxing,Behavior Prevention on Endpoint,Disable or Remove Feature or Program,Privileged Account Management,Software Configuration,,,,,,,,,,,,,,,,,,,,,,
Execution,T1559.001,,,,,,,,,,,,,,,,,,,,,,,,,,,,
Execution,T1559.002,,,,,,,,,,,,,,,,,,,,,,,,,,,,
Execution,T1559.003,,,,,,,,,,,,,,,,,,,,,,,,,,,,
Execution,T1106,Behavior Prevention on Endpoint,Execution Prevention,,,,,,,,,,,,,,,,,,,,,,,,,,
Execution,T1053,Audit,Operating System Configuration,Privileged Account Management,Restrict File and Directory Permissions,User Account Management,,,,,,,,,,,,,,,,,,,,,,,
Execution,T1053.002,,,,,,,,,,,,,,,,,,,,,,,,,,,,
Execution,T1053.007,,,,,,,,,,,,,,,,,,,,,,,,,,,,
Execution,T1053.003,,,,,,,,,,,,,,,,,,,,,,,,,,,,
Execution,T1053.005,,,,,,,,,,,,,,,,,,,,,,,,,,,,
Execution,T1053.006,,,,,,,,,,,,,,,,,,,,,,,,,,,,
Execution,T1648,User Account Management,,,,,,,,,,,,,,,,,,,,,,,,,,,
Execution,T1129,Execution Prevention,,,,,,,,,,,,,,,,,,,,,,,,,,,
Execution,T1072,Active Directory Configuration,Limit Software Installation,Multi-factor Authentication,Network Segmentation,Password Policies,Privileged Account Management,Remote Data Storage,Update Software,User Account Management,User Training,,,,,,,,,,,,,,,,,,
Execution,T1569,Behavior Prevention on Endpoint,Privileged Account Management,Restrict File and Directory Permissions,User Account Management,,,,,,,,,,,,,,,,,,,,,,,,
Execution,T1569.001,,,,,,,,,,,,,,,,,,,,,,,,,,,,
Execution,T1569.002,,,,,,,,,,,,,,,,,,,,,,,,,,,,
Execution,T1204,Behavior Prevention on Endpoint,Execution Prevention,Network Intrusion Prevention,Restrict Web-Based Content,User Training,,,,,,,,,,,,,,,,,,,,,,,
Execution,T1204.002,,,,,,,,,,,,,,,,,,,,,,,,,,,,
Execution,T1204.003,,,,,,,,,,,,,,,,,,,,,,,,,,,,
Execution,T1204.001,,,,,,,,,,,,,,,,,,,,,,,,,,,,
Execution,T1047,Behavior Prevention on Endpoint,Behavior Prevention on Endpoint,Execution Prevention,Privileged Account Management,Privileged Account Management,User Account Management,User Account Management,,,,,,,,,,,,,,,,,,,,,
Persistence,T1098,Multi-factor Authentication,Network Segmentation,Operating System Configuration,Privileged Account Management,User Account Management,,,,,,,,,,,,,,,,,,,,,,,
Persistence,T1098.001,,,,,,,,,,,,,,,,,,,,,,,,,,,,
Persistence,T1098.003,,,,,,,,,,,,,,,,,,,,,,,,,,,,
Persistence,T1098.006,,,,,,,,,,,,,,,,,,,,,,,,,,,,
Persistence,T1098.002,,,,,,,,,,,,,,,,,,,,,,,,,,,,
Persistence,T1098.005,,,,,,,,,,,,,,,,,,,,,,,,,,,,
Persistence,T1098.004,,,,,,,,,,,,,,,,,,,,,,,,,,,,
Persistence,T1197,Filter Network Traffic,Operating System Configuration,User Account Management,,,,,,,,,,,,,,,,,,,,,,,,,
Persistence,T1547,,,,,,,,,,,,,,,,,,,,,,,,,,,,
Persistence,T1547.014,,,,,,,,,,,,,,,,,,,,,,,,,,,,
Persistence,T1547.002,,,,,,,,,,,,,,,,,,,,,,,,,,,,
Persistence,T1547.006,,,,,,,,,,,,,,,,,,,,,,,,,,,,
Persistence,T1547.008,,,,,,,,,,,,,,,,,,,,,,,,,,,,
Persistence,T1547.015,,,,,,,,,,,,,,,,,,,,,,,,,,,,
Persistence,T1547.010,,,,,,,,,,,,,,,,,,,,,,,,,,,,
Persistence,T1547.012,,,,,,,,,,,,,,,,,,,,,,,,,,,,
Persistence,T1547.007,,,,,,,,,,,,,,,,,,,,,,,,,,,,
Persistence,T1547.001,,,,,,,,,,,,,,,,,,,,,,,,,,,,
Persistence,T1547.005,,,,,,,,,,,,,,,,,,,,,,,,,,,,
Persistence,T1547.009,,,,,,,,,,,,,,,,,,,,,,,,,,,,
Persistence,T1547.003,,,,,,,,,,,,,,,,,,,,,,,,,,,,
Persistence,T1547.004,,,,,,,,,,,,,,,,,,,,,,,,,,,,
Persistence,T1547.013,,,,,,,,,,,,,,,,,,,,,,,,,,,,
Persistence,T1037,Restrict File and Directory Permissions,Restrict Registry Permissions,,,,,,,,,,,,,,,,,,,,,,,,,,
Persistence,T1037.002,,,,,,,,,,,,,,,,,,,,,,,,,,,,
Persistence,T1037.001,,,,,,,,,,,,,,,,,,,,,,,,,,,,
Persistence,T1037.003,,,,,,,,,,,,,,,,,,,,,,,,,,,,
Persistence,T1037.004,,,,,,,,,,,,,,,,,,,,,,,,,,,,
Persistence,T1037.005,,,,,,,,,,,,,,,,,,,,,,,,,,,,
Persistence,T1176,Audit,Execution Prevention,Limit Software Installation,Update Software,User Training,,,,,,,,,,,,,,,,,,,,,,,
Persistence,T1554,Code Signing,,,,,,,,,,,,,,,,,,,,,,,,,,,
Persistence,T1136,Multi-factor Authentication,Network Segmentation,Operating System Configuration,Privileged Account Management,,,,,,,,,,,,,,,,,,,,,,,,
Persistence,T1136.003,,,,,,,,,,,,,,,,,,,,,,,,,,,,
Persistence,T1136.002,,,,,,,,,,,,,,,,,,,,,,,,,,,,
Persistence,T1136.001,,,,,,,,,,,,,,,,,,,,,,,,,,,,
Persistence,T1543,Audit,Behavior Prevention on Endpoint,Code Signing,Limit Software Installation,Operating System Configuration,Privileged Account Management,Restrict File and Directory Permissions,Software Configuration,User Account Management,,,,,,,,,,,,,,,,,,,
Persistence,T1543.005,,,,,,,,,,,,,,,,,,,,,,,,,,,,
Persistence,T1543.001,,,,,,,,,,,,,,,,,,,,,,,,,,,,
Persistence,T1543.004,,,,,,,,,,,,,,,,,,,,,,,,,,,,
Persistence,T1543.002,,,,,,,,,,,,,,,,,,,,,,,,,,,,
Persistence,T1543.003,,,,,,,,,,,,,,,,,,,,,,,,,,,,
Persistence,T1546,Privileged Account Management,Update Software,,,,,,,,,,,,,,,,,,,,,,,,,,
Persistence,T1546.008,,,,,,,,,,,,,,,,,,,,,,,,,,,,
Persistence,T1546.009,,,,,,,,,,,,,,,,,,,,,,,,,,,,
Persistence,T1546.010,,,,,,,,,,,,,,,,,,,,,,,,,,,,
Persistence,T1546.011,,,,,,,,,,,,,,,,,,,,,,,,,,,,
Persistence,T1546.001,,,,,,,,,,,,,,,,,,,,,,,,,,,,
Persistence,T1546.015,,,,,,,,,,,,,,,,,,,,,,,,,,,,
Persistence,T1546.014,,,,,,,,,,,,,,,,,,,,,,,,,,,,
Persistence,T1546.012,,,,,,,,,,,,,,,,,,,,,,,,,,,,
Persistence,T1546.016,,,,,,,,,,,,,,,,,,,,,,,,,,,,
Persistence,T1546.006,,,,,,,,,,,,,,,,,,,,,,,,,,,,
Persistence,T1546.007,,,,,,,,,,,,,,,,,,,,,,,,,,,,
Persistence,T1546.013,,,,,,,,,,,,,,,,,,,,,,,,,,,,
Persistence,T1546.002,,,,,,,,,,,,,,,,,,,,,,,,,,,,
Persistence,T1546.005,,,,,,,,,,,,,,,,,,,,,,,,,,,,
Persistence,T1546.004,,,,,,,,,,,,,,,,,,,,,,,,,,,,
Persistence,T1546.003,,,,,,,,,,,,,,,,,,,,,,,,,,,,
Persistence,T1133,Disable or Remove Feature or Program,Limit Access to Resource Over Network,Multi-factor Authentication,Network Segmentation,,,,,,,,,,,,,,,,,,,,,,,,
Persistence,T1574,Application Developer Guidance,Audit,Behavior Prevention on Endpoint,Execution Prevention,Restrict File and Directory Permissions,Restrict Library Loading,Restrict Registry Permissions,Update Software,User Account Control,User Account Management,,,,,,,,,,,,,,,,,,
Persistence,T1574.014,,,,,,,,,,,,,,,,,,,,,,,,,,,,
Persistence,T1574.012,,,,,,,,,,,,,,,,,,,,,,,,,,,,
Persistence,T1574.001,,,,,,,,,,,,,,,,,,,,,,,,,,,,
Persistence,T1574.002,,,,,,,,,,,,,,,,,,,,,,,,,,,,
Persistence,T1574.004,,,,,,,,,,,,,,,,,,,,,,,,,,,,
Persistence,T1574.006,,,,,,,,,,,,,,,,,,,,,,,,,,,,
Persistence,T1574.005,,,,,,,,,,,,,,,,,,,,,,,,,,,,
Persistence,T1574.013,,,,,,,,,,,,,,,,,,,,,,,,,,,,
Persistence,T1574.007,,,,,,,,,,,,,,,,,,,,,,,,,,,,
Persistence,T1574.008,,,,,,,,,,,,,,,,,,,,,,,,,,,,
Persistence,T1574.009,,,,,,,,,,,,,,,,,,,,,,,,,,,,
Persistence,T1574.010,,,,,,,,,,,,,,,,,,,,,,,,,,,,
Persistence,T1574.011,,,,,,,,,,,,,,,,,,,,,,,,,,,,
Persistence,T1525,Audit,Code Signing,Privileged Account Management,,,,,,,,,,,,,,,,,,,,,,,,,
Persistence,T1556,Audit,Multi-factor Authentication,Operating System Configuration,Password Policies,Privileged Account Management,Privileged Process Integrity,Restrict File and Directory Permissions,Restrict Registry Permissions,User Account Management,,,,,,,,,,,,,,,,,,,
Persistence,T1556.009,,,,,,,,,,,,,,,,,,,,,,,,,,,,
Persistence,T1556.001,,,,,,,,,,,,,,,,,,,,,,,,,,,,
Persistence,T1556.007,,,,,,,,,,,,,,,,,,,,,,,,,,,,
Persistence,T1556.006,,,,,,,,,,,,,,,,,,,,,,,,,,,,
Persistence,T1556.004,,,,,,,,,,,,,,,,,,,,,,,,,,,,
Persistence,T1556.008,,,,,,,,,,,,,,,,,,,,,,,,,,,,
Persistence,T1556.002,,,,,,,,,,,,,,,,,,,,,,,,,,,,
Persistence,T1556.003,,,,,,,,,,,,,,,,,,,,,,,,,,,,
Persistence,T1556.005,,,,,,,,,,,,,,,,,,,,,,,,,,,,
Persistence,T1137,Behavior Prevention on Endpoint,Disable or Remove Feature or Program,Software Configuration,Update Software,,,,,,,,,,,,,,,,,,,,,,,,
Persistence,T1137.006,,,,,,,,,,,,,,,,,,,,,,,,,,,,
Persistence,T1137.001,,,,,,,,,,,,,,,,,,,,,,,,,,,,
Persistence,T1137.002,,,,,,,,,,,,,,,,,,,,,,,,,,,,
Persistence,T1137.003,,,,,,,,,,,,,,,,,,,,,,,,,,,,
Persistence,T1137.004,,,,,,,,,,,,,,,,,,,,,,,,,,,,
Persistence,T1137.005,,,,,,,,,,,,,,,,,,,,,,,,,,,,
Persistence,T1653,Audit,,,,,,,,,,,,,,,,,,,,,,,,,,,
Persistence,T1542,Audit,Boot Integrity,Limit Access to Resource Over Network,Privileged Account Management,Update Software,,,,,,,,,,,,,,,,,,,,,,,
Persistence,T1542.003,,,,,,,,,,,,,,,,,,,,,,,,,,,,
Persistence,T1542.002,,,,,,,,,,,,,,,,,,,,,,,,,,,,
Persistence,T1542.004,,,,,,,,,,,,,,,,,,,,,,,,,,,,
Persistence,T1542.001,,,,,,,,,,,,,,,,,,,,,,,,,,,,
Persistence,T1542.005,,,,,,,,,,,,,,,,,,,,,,,,,,,,
Persistence,T1053,Audit,Operating System Configuration,Privileged Account Management,Restrict File and Directory Permissions,User Account Management,,,,,,,,,,,,,,,,,,,,,,,
Persistence,T1053.002,,,,,,,,,,,,,,,,,,,,,,,,,,,,
Persistence,T1053.007,,,,,,,,,,,,,,,,,,,,,,,,,,,,
Persistence,T1053.003,,,,,,,,,,,,,,,,,,,,,,,,,,,,
Persistence,T1053.005,,,,,,,,,,,,,,,,,,,,,,,,,,,,
Persistence,T1053.006,,,,,,,,,,,,,,,,,,,,,,,,,,,,
Persistence,T1505,Audit,Code Signing,Disable or Remove Feature or Program,Privileged Account Management,Restrict Registry Permissions,User Account Management,,,,,,,,,,,,,,,,,,,,,,
Persistence,T1505.004,,,,,,,,,,,,,,,,,,,,,,,,,,,,
Persistence,T1505.001,,,,,,,,,,,,,,,,,,,,,,,,,,,,
Persistence,T1505.005,,,,,,,,,,,,,,,,,,,,,,,,,,,,
Persistence,T1505.002,,,,,,,,,,,,,,,,,,,,,,,,,,,,
Persistence,T1505.003,,,,,,,,,,,,,,,,,,,,,,,,,,,,
Persistence,T1205,Disable or Remove Feature or Program,Filter Network Traffic,,,,,,,,,,,,,,,,,,,,,,,,,,
Persistence,T1205.001,,,,,,,,,,,,,,,,,,,,,,,,,,,,
Persistence,T1205.002,,,,,,,,,,,,,,,,,,,,,,,,,,,,
Persistence,T1078,Account Use Policies,Active Directory Configuration,Application Developer Guidance,Password Policies,Privileged Account Management,User Account Management,User Training,,,,,,,,,,,,,,,,,,,,,
Persistence,T1078.004,,,,,,,,,,,,,,,,,,,,,,,,,,,,
Persistence,T1078.001,,,,,,,,,,,,,,,,,,,,,,,,,,,,
Persistence,T1078.002,,,,,,,,,,,,,,,,,,,,,,,,,,,,
Persistence,T1078.003,,,,,,,,,,,,,,,,,,,,,,,,,,,,
Privilege Escalation,T1548,Audit,Execution Prevention,Operating System Configuration,Privileged Account Management,Restrict File and Directory Permissions,Update Software,User Account Control,User Account Management,,,,,,,,,,,,,,,,,,,,
Privilege Escalation,T1548.002,,,,,,,,,,,,,,,,,,,,,,,,,,,,
Privilege Escalation,T1548.004,,,,,,,,,,,,,,,,,,,,,,,,,,,,
Privilege Escalation,T1548.001,,,,,,,,,,,,,,,,,,,,,,,,,,,,
Privilege Escalation,T1548.003,,,,,,,,,,,,,,,,,,,,,,,,,,,,
Privilege Escalation,T1548.006,,,,,,,,,,,,,,,,,,,,,,,,,,,,
Privilege Escalation,T1548.005,,,,,,,,,,,,,,,,,,,,,,,,,,,,
Privilege Escalation,T1134,Privileged Account Management,User Account Management,,,,,,,,,,,,,,,,,,,,,,,,,,
Privilege Escalation,T1134.002,,,,,,,,,,,,,,,,,,,,,,,,,,,,
Privilege Escalation,T1134.003,,,,,,,,,,,,,,,,,,,,,,,,,,,,
Privilege Escalation,T1134.004,,,,,,,,,,,,,,,,,,,,,,,,,,,,
Privilege Escalation,T1134.005,,,,,,,,,,,,,,,,,,,,,,,,,,,,
Privilege Escalation,T1134.001,,,,,,,,,,,,,,,,,,,,,,,,,,,,
Privilege Escalation,T1098,Multi-factor Authentication,Network Segmentation,Operating System Configuration,Privileged Account Management,User Account Management,,,,,,,,,,,,,,,,,,,,,,,
Privilege Escalation,T1098.001,,,,,,,,,,,,,,,,,,,,,,,,,,,,
Privilege Escalation,T1098.003,,,,,,,,,,,,,,,,,,,,,,,,,,,,
Privilege Escalation,T1098.006,,,,,,,,,,,,,,,,,,,,,,,,,,,,
Privilege Escalation,T1098.002,,,,,,,,,,,,,,,,,,,,,,,,,,,,
Privilege Escalation,T1098.005,,,,,,,,,,,,,,,,,,,,,,,,,,,,
Privilege Escalation,T1098.004,,,,,,,,,,,,,,,,,,,,,,,,,,,,
Privilege Escalation,T1547,,,,,,,,,,,,,,,,,,,,,,,,,,,,
Privilege Escalation,T1547.014,,,,,,,,,,,,,,,,,,,,,,,,,,,,
Privilege Escalation,T1547.002,,,,,,,,,,,,,,,,,,,,,,,,,,,,
Privilege Escalation,T1547.006,,,,,,,,,,,,,,,,,,,,,,,,,,,,
Privilege Escalation,T1547.008,,,,,,,,,,,,,,,,,,,,,,,,,,,,
Privilege Escalation,T1547.015,,,,,,,,,,,,,,,,,,,,,,,,,,,,
Privilege Escalation,T1547.010,,,,,,,,,,,,,,,,,,,,,,,,,,,,
Privilege Escalation,T1547.012,,,,,,,,,,,,,,,,,,,,,,,,,,,,
Privilege Escalation,T1547.007,,,,,,,,,,,,,,,,,,,,,,,,,,,,
Privilege Escalation,T1547.001,,,,,,,,,,,,,,,,,,,,,,,,,,,,
Privilege Escalation,T1547.005,,,,,,,,,,,,,,,,,,,,,,,,,,,,
Privilege Escalation,T1547.009,,,,,,,,,,,,,,,,,,,,,,,,,,,,
Privilege Escalation,T1547.003,,,,,,,,,,,,,,,,,,,,,,,,,,,,
Privilege Escalation,T1547.004,,,,,,,,,,,,,,,,,,,,,,,,,,,,
Privilege Escalation,T1547.013,,,,,,,,,,,,,,,,,,,,,,,,,,,,
Privilege Escalation,T1037,Restrict File and Directory Permissions,Restrict Registry Permissions,,,,,,,,,,,,,,,,,,,,,,,,,,
Privilege Escalation,T1037.002,,,,,,,,,,,,,,,,,,,,,,,,,,,,
Privilege Escalation,T1037.001,,,,,,,,,,,,,,,,,,,,,,,,,,,,
Privilege Escalation,T1037.003,,,,,,,,,,,,,,,,,,,,,,,,,,,,
Privilege Escalation,T1037.004,,,,,,,,,,,,,,,,,,,,,,,,,,,,
Privilege Escalation,T1037.005,,,,,,,,,,,,,,,,,,,,,,,,,,,,
Privilege Escalation,T1543,Audit,Behavior Prevention on Endpoint,Code Signing,Limit Software Installation,Operating System Configuration,Privileged Account Management,Restrict File and Directory Permissions,Software Configuration,User Account Management,,,,,,,,,,,,,,,,,,,
Privilege Escalation,T1543.005,,,,,,,,,,,,,,,,,,,,,,,,,,,,
Privilege Escalation,T1543.001,,,,,,,,,,,,,,,,,,,,,,,,,,,,
Privilege Escalation,T1543.004,,,,,,,,,,,,,,,,,,,,,,,,,,,,
Privilege Escalation,T1543.002,,,,,,,,,,,,,,,,,,,,,,,,,,,,
Privilege Escalation,T1543.003,,,,,,,,,,,,,,,,,,,,,,,,,,,,
Privilege Escalation,T1484,Audit,Privileged Account Management,User Account Management,,,,,,,,,,,,,,,,,,,,,,,,,
Privilege Escalation,T1484.001,,,,,,,,,,,,,,,,,,,,,,,,,,,,
Privilege Escalation,T1484.002,,,,,,,,,,,,,,,,,,,,,,,,,,,,
Privilege Escalation,T1611,Application Isolation and Sandboxing,Disable or Remove Feature or Program,Execution Prevention,Privileged Account Management,,,,,,,,,,,,,,,,,,,,,,,,
Privilege Escalation,T1546,Privileged Account Management,Update Software,,,,,,,,,,,,,,,,,,,,,,,,,,
Privilege Escalation,T1546.008,,,,,,,,,,,,,,,,,,,,,,,,,,,,
Privilege Escalation,T1546.009,,,,,,,,,,,,,,,,,,,,,,,,,,,,
Privilege Escalation,T1546.010,,,,,,,,,,,,,,,,,,,,,,,,,,,,
Privilege Escalation,T1546.011,,,,,,,,,,,,,,,,,,,,,,,,,,,,
Privilege Escalation,T1546.001,,,,,,,,,,,,,,,,,,,,,,,,,,,,
Privilege Escalation,T1546.015,,,,,,,,,,,,,,,,,,,,,,,,,,,,
Privilege Escalation,T1546.014,,,,,,,,,,,,,,,,,,,,,,,,,,,,
Privilege Escalation,T1546.012,,,,,,,,,,,,,,,,,,,,,,,,,,,,
Privilege Escalation,T1546.016,,,,,,,,,,,,,,,,,,,,,,,,,,,,
Privilege Escalation,T1546.006,,,,,,,,,,,,,,,,,,,,,,,,,,,,
Privilege Escalation,T1546.007,,,,,,,,,,,,,,,,,,,,,,,,,,,,
Privilege Escalation,T1546.013,,,,,,,,,,,,,,,,,,,,,,,,,,,,
Privilege Escalation,T1546.002,,,,,,,,,,,,,,,,,,,,,,,,,,,,
Privilege Escalation,T1546.005,,,,,,,,,,,,,,,,,,,,,,,,,,,,
Privilege Escalation,T1546.004,,,,,,,,,,,,,,,,,,,,,,,,,,,,
Privilege Escalation,T1546.003,,,,,,,,,,,,,,,,,,,,,,,,,,,,
Privilege Escalation,T1068,Application Isolation and Sandboxing,Execution Prevention,Exploit Protection,Threat Intelligence Program,Update Software,,,,,,,,,,,,,,,,,,,,,,,
Privilege Escalation,T1574,Application Developer Guidance,Audit,Behavior Prevention on Endpoint,Execution Prevention,Restrict File and Directory Permissions,Restrict Library Loading,Restrict Registry Permissions,Update Software,User Account Control,User Account Management,,,,,,,,,,,,,,,,,,
Privilege Escalation,T1574.014,,,,,,,,,,,,,,,,,,,,,,,,,,,,
Privilege Escalation,T1574.012,,,,,,,,,,,,,,,,,,,,,,,,,,,,
Privilege Escalation,T1574.001,,,,,,,,,,,,,,,,,,,,,,,,,,,,
Privilege Escalation,T1574.002,,,,,,,,,,,,,,,,,,,,,,,,,,,,
Privilege Escalation,T1574.004,,,,,,,,,,,,,,,,,,,,,,,,,,,,
Privilege Escalation,T1574.006,,,,,,,,,,,,,,,,,,,,,,,,,,,,
Privilege Escalation,T1574.005,,,,,,,,,,,,,,,,,,,,,,,,,,,,
Privilege Escalation,T1574.013,,,,,,,,,,,,,,,,,,,,,,,,,,,,
Privilege Escalation,T1574.007,,,,,,,,,,,,,,,,,,,,,,,,,,,,
Privilege Escalation,T1574.008,,,,,,,,,,,,,,,,,,,,,,,,,,,,
Privilege Escalation,T1574.009,,,,,,,,,,,,,,,,,,,,,,,,,,,,
Privilege Escalation,T1574.010,,,,,,,,,,,,,,,,,,,,,,,,,,,,
Privilege Escalation,T1574.011,,,,,,,,,,,,,,,,,,,,,,,,,,,,
Privilege Escalation,T1055,Behavior Prevention on Endpoint,Privileged Account Management,,,,,,,,,,,,,,,,,,,,,,,,,,
Privilege Escalation,T1055.004,,,,,,,,,,,,,,,,,,,,,,,,,,,,
Privilege Escalation,T1055.001,,,,,,,,,,,,,,,,,,,,,,,,,,,,
Privilege Escalation,T1055.011,,,,,,,,,,,,,,,,,,,,,,,,,,,,
Privilege Escalation,T1055.015,,,,,,,,,,,,,,,,,,,,,,,,,,,,
Privilege Escalation,T1055.002,,,,,,,,,,,,,,,,,,,,,,,,,,,,
Privilege Escalation,T1055.009,,,,,,,,,,,,,,,,,,,,,,,,,,,,
Privilege Escalation,T1055.013,,,,,,,,,,,,,,,,,,,,,,,,,,,,
Privilege Escalation,T1055.012,,,,,,,,,,,,,,,,,,,,,,,,,,,,
Privilege Escalation,T1055.008,,,,,,,,,,,,,,,,,,,,,,,,,,,,
Privilege Escalation,T1055.003,,,,,,,,,,,,,,,,,,,,,,,,,,,,
Privilege Escalation,T1055.005,,,,,,,,,,,,,,,,,,,,,,,,,,,,
Privilege Escalation,T1055.014,,,,,,,,,,,,,,,,,,,,,,,,,,,,
Privilege Escalation,T1053,Audit,Operating System Configuration,Privileged Account Management,Restrict File and Directory Permissions,User Account Management,,,,,,,,,,,,,,,,,,,,,,,
Privilege Escalation,T1053.002,,,,,,,,,,,,,,,,,,,,,,,,,,,,
Privilege Escalation,T1053.007,,,,,,,,,,,,,,,,,,,,,,,,,,,,
Privilege Escalation,T1053.003,,,,,,,,,,,,,,,,,,,,,,,,,,,,
Privilege Escalation,T1053.005,,,,,,,,,,,,,,,,,,,,,,,,,,,,
Privilege Escalation,T1053.006,,,,,,,,,,,,,,,,,,,,,,,,,,,,
Privilege Escalation,T1078,Account Use Policies,Active Directory Configuration,Application Developer Guidance,Password Policies,Privileged Account Management,User Account Management,User Training,,,,,,,,,,,,,,,,,,,,,
Privilege Escalation,T1078.004,,,,,,,,,,,,,,,,,,,,,,,,,,,,
Privilege Escalation,T1078.001,,,,,,,,,,,,,,,,,,,,,,,,,,,,
Privilege Escalation,T1078.002,,,,,,,,,,,,,,,,,,,,,,,,,,,,
Privilege Escalation,T1078.003,,,,,,,,,,,,,,,,,,,,,,,,,,,,
Defense Evasion,T1548,Audit,Execution Prevention,Operating System Configuration,Privileged Account Management,Restrict File and Directory Permissions,Update Software,User Account Control,User Account Management,,,,,,,,,,,,,,,,,,,,
Defense Evasion,T1548.002,,,,,,,,,,,,,,,,,,,,,,,,,,,,
Defense Evasion,T1548.004,,,,,,,,,,,,,,,,,,,,,,,,,,,,
Defense Evasion,T1548.001,,,,,,,,,,,,,,,,,,,,,,,,,,,,
Defense Evasion,T1548.003,,,,,,,,,,,,,,,,,,,,,,,,,,,,
Defense Evasion,T1548.006,,,,,,,,,,,,,,,,,,,,,,,,,,,,
Defense Evasion,T1548.005,,,,,,,,,,,,,,,,,,,,,,,,,,,,
Defense Evasion,T1134,Privileged Account Management,User Account Management,,,,,,,,,,,,,,,,,,,,,,,,,,
Defense Evasion,T1134.002,,,,,,,,,,,,,,,,,,,,,,,,,,,,
Defense Evasion,T1134.003,,,,,,,,,,,,,,,,,,,,,,,,,,,,
Defense Evasion,T1134.004,,,,,,,,,,,,,,,,,,,,,,,,,,,,
Defense Evasion,T1134.005,,,,,,,,,,,,,,,,,,,,,,,,,,,,
Defense Evasion,T1134.001,,,,,,,,,,,,,,,,,,,,,,,,,,,,
Defense Evasion,T1197,Filter Network Traffic,Operating System Configuration,User Account Management,,,,,,,,,,,,,,,,,,,,,,,,,
Defense Evasion,T1612,Audit,Limit Access to Resource Over Network,Network Segmentation,Privileged Account Management,,,,,,,,,,,,,,,,,,,,,,,,
Defense Evasion,T1622,,,,,,,,,,,,,,,,,,,,,,,,,,,,
Defense Evasion,T1140,,,,,,,,,,,,,,,,,,,,,,,,,,,,
Defense Evasion,T1610,Audit,Limit Access to Resource Over Network,Network Segmentation,User Account Management,,,,,,,,,,,,,,,,,,,,,,,,
Defense Evasion,T1006,Behavior Prevention on Endpoint,User Account Management,,,,,,,,,,,,,,,,,,,,,,,,,,
Defense Evasion,T1484,,,,,,,,,,,,,,,,,,,,,,,,,,,,
Defense Evasion,T1484.001,,,,,,,,,,,,,,,,,,,,,,,,,,,,
Defense Evasion,T1484.002,,,,,,,,,,,,,,,,,,,,,,,,,,,,
Defense Evasion,T1480,Do Not Mitigate,,,,,,,,,,,,,,,,,,,,,,,,,,,
Defense Evasion,T1480.001,,,,,,,,,,,,,,,,,,,,,,,,,,,,
Defense Evasion,T1211,Application Isolation and Sandboxing,Exploit Protection,Threat Intelligence Program,Update Software,,,,,,,,,,,,,,,,,,,,,,,,
Defense Evasion,T1222,Privileged Account Management,Privileged Account Management,Privileged Account Management,Restrict File and Directory Permissions,Restrict File and Directory Permissions,Restrict File and Directory Permissions,,,,,,,,,,,,,,,,,,,,,,
Defense Evasion,T1222.002,,,,,,,,,,,,,,,,,,,,,,,,,,,,
Defense Evasion,T1222.001,,,,,,,,,,,,,,,,,,,,,,,,,,,,
Defense Evasion,T1564,Antivirus/Antimalware,Application Developer Guidance,Limit Software Installation,,,,,,,,,,,,,,,,,,,,,,,,,
Defense Evasion,T1564.008,,,,,,,,,,,,,,,,,,,,,,,,,,,,
Defense Evasion,T1564.012,,,,,,,,,,,,,,,,,,,,,,,,,,,,
Defense Evasion,T1564.005,,,,,,,,,,,,,,,,,,,,,,,,,,,,
Defense Evasion,T1564.001,,,,,,,,,,,,,,,,,,,,,,,,,,,,
Defense Evasion,T1564.002,,,,,,,,,,,,,,,,,,,,,,,,,,,,
Defense Evasion,T1564.003,,,,,,,,,,,,,,,,,,,,,,,,,,,,
Defense Evasion,T1564.011,,,,,,,,,,,,,,,,,,,,,,,,,,,,
Defense Evasion,T1564.004,,,,,,,,,,,,,,,,,,,,,,,,,,,,
Defense Evasion,T1564.010,,,,,,,,,,,,,,,,,,,,,,,,,,,,
Defense Evasion,T1564.009,,,,,,,,,,,,,,,,,,,,,,,,,,,,
Defense Evasion,T1564.006,,,,,,,,,,,,,,,,,,,,,,,,,,,,
Defense Evasion,T1564.007,,,,,,,,,,,,,,,,,,,,,,,,,,,,
Defense Evasion,T1574,Application Developer Guidance,Audit,Behavior Prevention on Endpoint,Execution Prevention,Restrict File and Directory Permissions,Restrict Library Loading,Restrict Registry Permissions,Update Software,User Account Control,User Account Management,,,,,,,,,,,,,,,,,,
Defense Evasion,T1574.014,,,,,,,,,,,,,,,,,,,,,,,,,,,,
Defense Evasion,T1574.012,,,,,,,,,,,,,,,,,,,,,,,,,,,,
Defense Evasion,T1574.001,,,,,,,,,,,,,,,,,,,,,,,,,,,,
Defense Evasion,T1574.002,,,,,,,,,,,,,,,,,,,,,,,,,,,,
Defense Evasion,T1574.004,,,,,,,,,,,,,,,,,,,,,,,,,,,,
Defense Evasion,T1574.006,,,,,,,,,,,,,,,,,,,,,,,,,,,,
Defense Evasion,T1574.005,,,,,,,,,,,,,,,,,,,,,,,,,,,,
Defense Evasion,T1574.013,,,,,,,,,,,,,,,,,,,,,,,,,,,,
Defense Evasion,T1574.007,,,,,,,,,,,,,,,,,,,,,,,,,,,,
Defense Evasion,T1574.008,,,,,,,,,,,,,,,,,,,,,,,,,,,,
Defense Evasion,T1574.009,,,,,,,,,,,,,,,,,,,,,,,,,,,,
Defense Evasion,T1574.010,,,,,,,,,,,,,,,,,,,,,,,,,,,,
Defense Evasion,T1574.011,,,,,,,,,,,,,,,,,,,,,,,,,,,,
Defense Evasion,T1562,Audit,Execution Prevention,Restrict File and Directory Permissions,Restrict Registry Permissions,Software Configuration,User Account Management,,,,,,,,,,,,,,,,,,,,,,
Defense Evasion,T1562.002,,,,,,,,,,,,,,,,,,,,,,,,,,,,
Defense Evasion,T1562.007,,,,,,,,,,,,,,,,,,,,,,,,,,,,
Defense Evasion,T1562.008,,,,,,,,,,,,,,,,,,,,,,,,,,,,
Defense Evasion,T1562.012,,,,,,,,,,,,,,,,,,,,,,,,,,,,
Defense Evasion,T1562.004,,,,,,,,,,,,,,,,,,,,,,,,,,,,
Defense Evasion,T1562.001,,,,,,,,,,,,,,,,,,,,,,,,,,,,
Defense Evasion,T1562.010,,,,,,,,,,,,,,,,,,,,,,,,,,,,
Defense Evasion,T1562.003,,,,,,,,,,,,,,,,,,,,,,,,,,,,
Defense Evasion,T1562.006,,,,,,,,,,,,,,,,,,,,,,,,,,,,
Defense Evasion,T1562.009,,,,,,,,,,,,,,,,,,,,,,,,,,,,
Defense Evasion,T1562.011,,,,,,,,,,,,,,,,,,,,,,,,,,,,
Defense Evasion,T1656,Network Intrusion Prevention,Privileged Account Management,Threat Intelligence Program,User Account Management,User Training,,,,,,,,,,,,,,,,,,,,,,,
Defense Evasion,T1070,Encrypt Sensitive Information,Remote Data Storage,Restrict File and Directory Permissions,,,,,,,,,,,,,,,,,,,,,,,,,
Defense Evasion,T1070.003,,,,,,,,,,,,,,,,,,,,,,,,,,,,
Defense Evasion,T1070.002,,,,,,,,,,,,,,,,,,,,,,,,,,,,
Defense Evasion,T1070.008,,,,,,,,,,,,,,,,,,,,,,,,,,,,
Defense Evasion,T1070.007,,,,,,,,,,,,,,,,,,,,,,,,,,,,
Defense Evasion,T1070.009,,,,,,,,,,,,,,,,,,,,,,,,,,,,
Defense Evasion,T1070.001,,,,,,,,,,,,,,,,,,,,,,,,,,,,
Defense Evasion,T1070.004,,,,,,,,,,,,,,,,,,,,,,,,,,,,
Defense Evasion,T1070.005,,,,,,,,,,,,,,,,,,,,,,,,,,,,
Defense Evasion,T1070.006,,,,,,,,,,,,,,,,,,,,,,,,,,,,
Defense Evasion,T1202,,,,,,,,,,,,,,,,,,,,,,,,,,,,
Defense Evasion,T1036,Antivirus/Antimalware,Behavior Prevention on Endpoint,Code Signing,Execution Prevention,Restrict File and Directory Permissions,User Training,,,,,,,,,,,,,,,,,,,,,,
Defense Evasion,T1036.009,,,,,,,,,,,,,,,,,,,,,,,,,,,,
Defense Evasion,T1036.007,,,,,,,,,,,,,,,,,,,,,,,,,,,,
Defense Evasion,T1036.001,,,,,,,,,,,,,,,,,,,,,,,,,,,,
Defense Evasion,T1036.008,,,,,,,,,,,,,,,,,,,,,,,,,,,,
Defense Evasion,T1036.004,,,,,,,,,,,,,,,,,,,,,,,,,,,,
Defense Evasion,T1036.005,,,,,,,,,,,,,,,,,,,,,,,,,,,,
Defense Evasion,T1036.003,,,,,,,,,,,,,,,,,,,,,,,,,,,,
Defense Evasion,T1036.002,,,,,,,,,,,,,,,,,,,,,,,,,,,,
Defense Evasion,T1036.006,,,,,,,,,,,,,,,,,,,,,,,,,,,,
Defense Evasion,T1556,Audit,Multi-factor Authentication,Operating System Configuration,Password Policies,Privileged Account Management,Privileged Process Integrity,Restrict File and Directory Permissions,Restrict Registry Permissions,User Account Management,,,,,,,,,,,,,,,,,,,
Defense Evasion,T1556.009,,,,,,,,,,,,,,,,,,,,,,,,,,,,
Defense Evasion,T1556.001,,,,,,,,,,,,,,,,,,,,,,,,,,,,
Defense Evasion,T1556.007,,,,,,,,,,,,,,,,,,,,,,,,,,,,
Defense Evasion,T1556.006,,,,,,,,,,,,,,,,,,,,,,,,,,,,
Defense Evasion,T1556.004,,,,,,,,,,,,,,,,,,,,,,,,,,,,
Defense Evasion,T1556.008,,,,,,,,,,,,,,,,,,,,,,,,,,,,
Defense Evasion,T1556.002,,,,,,,,,,,,,,,,,,,,,,,,,,,,
Defense Evasion,T1556.003,,,,,,,,,,,,,,,,,,,,,,,,,,,,
Defense Evasion,T1556.005,,,,,,,,,,,,,,,,,,,,,,,,,,,,
Defense Evasion,T1578,Audit,User Account Management,,,,,,,,,,,,,,,,,,,,,,,,,,
Defense Evasion,T1578.002,,,,,,,,,,,,,,,,,,,,,,,,,,,,
Defense Evasion,T1578.001,,,,,,,,,,,,,,,,,,,,,,,,,,,,
Defense Evasion,T1578.003,,,,,,,,,,,,,,,,,,,,,,,,,,,,
Defense Evasion,T1578.005,,,,,,,,,,,,,,,,,,,,,,,,,,,,
Defense Evasion,T1578.004,,,,,,,,,,,,,,,,,,,,,,,,,,,,
Defense Evasion,T1112,Restrict Registry Permissions,,,,,,,,,,,,,,,,,,,,,,,,,,,
Defense Evasion,T1601,Boot Integrity,Code Signing,Credential Access Protection,Multi-factor Authentication,Password Policies,Privileged Account Management,,,,,,,,,,,,,,,,,,,,,,
Defense Evasion,T1601.002,,,,,,,,,,,,,,,,,,,,,,,,,,,,
Defense Evasion,T1601.001,,,,,,,,,,,,,,,,,,,,,,,,,,,,
Defense Evasion,T1599,Credential Access Protection,Filter Network Traffic,Multi-factor Authentication,Password Policies,Privileged Account Management,,,,,,,,,,,,,,,,,,,,,,,
Defense Evasion,T1599.001,,,,,,,,,,,,,,,,,,,,,,,,,,,,
Defense Evasion,T1027,Antivirus/Antimalware,Audit,Behavior Prevention on Endpoint,User Training,,,,,,,,,,,,,,,,,,,,,,,,
Defense Evasion,T1027.001,,,,,,,,,,,,,,,,,,,,,,,,,,,,
Defense Evasion,T1027.010,,,,,,,,,,,,,,,,,,,,,,,,,,,,
Defense Evasion,T1027.004,,,,,,,,,,,,,,,,,,,,,,,,,,,,
Defense Evasion,T1027.007,,,,,,,,,,,,,,,,,,,,,,,,,,,,
Defense Evasion,T1027.009,,,,,,,,,,,,,,,,,,,,,,,,,,,,
Defense Evasion,T1027.013,,,,,,,,,,,,,,,,,,,,,,,,,,,,
Defense Evasion,T1027.011,,,,,,,,,,,,,,,,,,,,,,,,,,,,
Defense Evasion,T1027.006,,,,,,,,,,,,,,,,,,,,,,,,,,,,
Defense Evasion,T1027.005,,,,,,,,,,,,,,,,,,,,,,,,,,,,
Defense Evasion,T1027.012,,,,,,,,,,,,,,,,,,,,,,,,,,,,
Defense Evasion,T1027.002,,,,,,,,,,,,,,,,,,,,,,,,,,,,
Defense Evasion,T1027.003,,,,,,,,,,,,,,,,,,,,,,,,,,,,
Defense Evasion,T1027.008,,,,,,,,,,,,,,,,,,,,,,,,,,,,
Defense Evasion,T1647,Application Developer Guidance,,,,,,,,,,,,,,,,,,,,,,,,,,,
Defense Evasion,T1542,Audit,Boot Integrity,Limit Access to Resource Over Network,Privileged Account Management,Update Software,,,,,,,,,,,,,,,,,,,,,,,
Defense Evasion,T1542.003,,,,,,,,,,,,,,,,,,,,,,,,,,,,
Defense Evasion,T1542.002,,,,,,,,,,,,,,,,,,,,,,,,,,,,
Defense Evasion,T1542.004,,,,,,,,,,,,,,,,,,,,,,,,,,,,
Defense Evasion,T1542.001,,,,,,,,,,,,,,,,,,,,,,,,,,,,
Defense Evasion,T1542.005,,,,,,,,,,,,,,,,,,,,,,,,,,,,
Defense Evasion,T1055,Behavior Prevention on Endpoint,Privileged Account Management,,,,,,,,,,,,,,,,,,,,,,,,,,
Defense Evasion,T1055.004,,,,,,,,,,,,,,,,,,,,,,,,,,,,
Defense Evasion,T1055.001,,,,,,,,,,,,,,,,,,,,,,,,,,,,
Defense Evasion,T1055.011,,,,,,,,,,,,,,,,,,,,,,,,,,,,
Defense Evasion,T1055.015,,,,,,,,,,,,,,,,,,,,,,,,,,,,
Defense Evasion,T1055.002,,,,,,,,,,,,,,,,,,,,,,,,,,,,
Defense Evasion,T1055.009,,,,,,,,,,,,,,,,,,,,,,,,,,,,
Defense Evasion,T1055.013,,,,,,,,,,,,,,,,,,,,,,,,,,,,
Defense Evasion,T1055.012,,,,,,,,,,,,,,,,,,,,,,,,,,,,
Defense Evasion,T1055.008,,,,,,,,,,,,,,,,,,,,,,,,,,,,
Defense Evasion,T1055.003,,,,,,,,,,,,,,,,,,,,,,,,,,,,
Defense Evasion,T1055.005,,,,,,,,,,,,,,,,,,,,,,,,,,,,
Defense Evasion,T1055.014,,,,,,,,,,,,,,,,,,,,,,,,,,,,
Defense Evasion,T1620,,,,,,,,,,,,,,,,,,,,,,,,,,,,
Defense Evasion,T1207,,,,,,,,,,,,,,,,,,,,,,,,,,,,
Defense Evasion,T1014,,,,,,,,,,,,,,,,,,,,,,,,,,,,
Defense Evasion,T1553,Execution Prevention,Operating System Configuration,Privileged Account Management,Restrict Registry Permissions,Software Configuration,,,,,,,,,,,,,,,,,,,,,,,
Defense Evasion,T1553.002,,,,,,,,,,,,,,,,,,,,,,,,,,,,
Defense Evasion,T1553.006,,,,,,,,,,,,,,,,,,,,,,,,,,,,
Defense Evasion,T1553.001,,,,,,,,,,,,,,,,,,,,,,,,,,,,
Defense Evasion,T1553.004,,,,,,,,,,,,,,,,,,,,,,,,,,,,
Defense Evasion,T1553.005,,,,,,,,,,,,,,,,,,,,,,,,,,,,
Defense Evasion,T1553.003,,,,,,,,,,,,,,,,,,,,,,,,,,,,
Defense Evasion,T1218,Disable or Remove Feature or Program,Execution Prevention,Exploit Protection,Filter Network Traffic,Privileged Account Management,Restrict Web-Based Content,,,,,,,,,,,,,,,,,,,,,,
Defense Evasion,T1218.003,,,,,,,,,,,,,,,,,,,,,,,,,,,,
Defense Evasion,T1218.001,,,,,,,,,,,,,,,,,,,,,,,,,,,,
Defense Evasion,T1218.002,,,,,,,,,,,,,,,,,,,,,,,,,,,,
Defense Evasion,T1218.015,,,,,,,,,,,,,,,,,,,,,,,,,,,,
Defense Evasion,T1218.004,,,,,,,,,,,,,,,,,,,,,,,,,,,,
Defense Evasion,T1218.014,,,,,,,,,,,,,,,,,,,,,,,,,,,,
Defense Evasion,T1218.013,,,,,,,,,,,,,,,,,,,,,,,,,,,,
Defense Evasion,T1218.005,,,,,,,,,,,,,,,,,,,,,,,,,,,,
Defense Evasion,T1218.007,,,,,,,,,,,,,,,,,,,,,,,,,,,,
Defense Evasion,T1218.008,,,,,,,,,,,,,,,,,,,,,,,,,,,,
Defense Evasion,T1218.009,,,,,,,,,,,,,,,,,,,,,,,,,,,,
Defense Evasion,T1218.010,,,,,,,,,,,,,,,,,,,,,,,,,,,,
Defense Evasion,T1218.011,,,,,,,,,,,,,,,,,,,,,,,,,,,,
Defense Evasion,T1218.012,,,,,,,,,,,,,,,,,,,,,,,,,,,,
Defense Evasion,T1216,Execution Prevention,,,,,,,,,,,,,,,,,,,,,,,,,,,
Defense Evasion,T1216.001,,,,,,,,,,,,,,,,,,,,,,,,,,,,
Defense Evasion,T1216.002,,,,,,,,,,,,,,,,,,,,,,,,,,,,
Defense Evasion,T1221,Antivirus/Antimalware,Disable or Remove Feature or Program,Network Intrusion Prevention,User Training,,,,,,,,,,,,,,,,,,,,,,,,
Defense Evasion,T1205,Disable or Remove Feature or Program,Filter Network Traffic,,,,,,,,,,,,,,,,,,,,,,,,,,
Defense Evasion,T1205.001,,,,,,,,,,,,,,,,,,,,,,,,,,,,
Defense Evasion,T1205.002,,,,,,,,,,,,,,,,,,,,,,,,,,,,
Defense Evasion,T1127,Disable or Remove Feature or Program,Execution Prevention,,,,,,,,,,,,,,,,,,,,,,,,,,
Defense Evasion,T1127.001,,,,,,,,,,,,,,,,,,,,,,,,,,,,
Defense Evasion,T1535,Software Configuration,,,,,,,,,,,,,,,,,,,,,,,,,,,
Defense Evasion,T1550,Active Directory Configuration,Application Developer Guidance,Audit,Password Policies,Privileged Account Management,User Account Management,,,,,,,,,,,,,,,,,,,,,,
Defense Evasion,T1550.001,,,,,,,,,,,,,,,,,,,,,,,,,,,,
Defense Evasion,T1550.002,,,,,,,,,,,,,,,,,,,,,,,,,,,,
Defense Evasion,T1550.003,,,,,,,,,,,,,,,,,,,,,,,,,,,,
Defense Evasion,T1550.004,,,,,,,,,,,,,,,,,,,,,,,,,,,,
Defense Evasion,T1078,Account Use Policies,Active Directory Configuration,Application Developer Guidance,Password Policies,Privileged Account Management,User Account Management,User Training,,,,,,,,,,,,,,,,,,,,,
Defense Evasion,T1078.004,,,,,,,,,,,,,,,,,,,,,,,,,,,,
Defense Evasion,T1078.001,,,,,,,,,,,,,,,,,,,,,,,,,,,,
Defense Evasion,T1078.002,,,,,,,,,,,,,,,,,,,,,,,,,,,,
Defense Evasion,T1078.003,,,,,,,,,,,,,,,,,,,,,,,,,,,,
Defense Evasion,T1497,,,,,,,,,,,,,,,,,,,,,,,,,,,,
Defense Evasion,T1497.001,,,,,,,,,,,,,,,,,,,,,,,,,,,,
Defense Evasion,T1497.003,,,,,,,,,,,,,,,,,,,,,,,,,,,,
Defense Evasion,T1497.002,,,,,,,,,,,,,,,,,,,,,,,,,,,,
Defense Evasion,T1600,,,,,,,,,,,,,,,,,,,,,,,,,,,,
Defense Evasion,T1600.002,,,,,,,,,,,,,,,,,,,,,,,,,,,,
Defense Evasion,T1600.001,,,,,,,,,,,,,,,,,,,,,,,,,,,,
Defense Evasion,T1220,Execution Prevention,,,,,,,,,,,,,,,,,,,,,,,,,,,
Credential Access,T1557,Disable or Remove Feature or Program,Encrypt Sensitive Information,Filter Network Traffic,Limit Access to Resource Over Network,Network Intrusion Prevention,Network Segmentation,User Training,,,,,,,,,,,,,,,,,,,,,
Credential Access,T1557.002,,,,,,,,,,,,,,,,,,,,,,,,,,,,
Credential Access,T1557.003,,,,,,,,,,,,,,,,,,,,,,,,,,,,
Credential Access,T1557.001,,,,,,,,,,,,,,,,,,,,,,,,,,,,
Credential Access,T1110,Account Use Policies,Multi-factor Authentication,Password Policies,User Account Management,,,,,,,,,,,,,,,,,,,,,,,,
Credential Access,T1110.004,,,,,,,,,,,,,,,,,,,,,,,,,,,,
Credential Access,T1110.002,,,,,,,,,,,,,,,,,,,,,,,,,,,,
Credential Access,T1110.001,,,,,,,,,,,,,,,,,,,,,,,,,,,,
Credential Access,T1110.003,,,,,,,,,,,,,,,,,,,,,,,,,,,,
Credential Access,T1555,Password Policies,Privileged Account Management,Update Software,,,,,,,,,,,,,,,,,,,,,,,,,
Credential Access,T1555.006,,,,,,,,,,,,,,,,,,,,,,,,,,,,
Credential Access,T1555.003,,,,,,,,,,,,,,,,,,,,,,,,,,,,
Credential Access,T1555.001,,,,,,,,,,,,,,,,,,,,,,,,,,,,
Credential Access,T1555.005,,,,,,,,,,,,,,,,,,,,,,,,,,,,
Credential Access,T1555.002,,,,,,,,,,,,,,,,,,,,,,,,,,,,
Credential Access,T1555.004,,,,,,,,,,,,,,,,,,,,,,,,,,,,
Credential Access,T1212,Application Developer Guidance,Application Isolation and Sandboxing,Exploit Protection,Threat Intelligence Program,Update Software,,,,,,,,,,,,,,,,,,,,,,,
Credential Access,T1187,Filter Network Traffic,Password Policies,,,,,,,,,,,,,,,,,,,,,,,,,,
Credential Access,T1606,Audit,Privileged Account Management,Software Configuration,User Account Management,,,,,,,,,,,,,,,,,,,,,,,,
Credential Access,T1606.002,,,,,,,,,,,,,,,,,,,,,,,,,,,,
Credential Access,T1606.001,,,,,,,,,,,,,,,,,,,,,,,,,,,,
Credential Access,T1056,User Training,,,,,,,,,,,,,,,,,,,,,,,,,,,
Credential Access,T1056.004,,,,,,,,,,,,,,,,,,,,,,,,,,,,
Credential Access,T1056.002,,,,,,,,,,,,,,,,,,,,,,,,,,,,
Credential Access,T1056.001,,,,,,,,,,,,,,,,,,,,,,,,,,,,
Credential Access,T1056.003,,,,,,,,,,,,,,,,,,,,,,,,,,,,
Credential Access,T1556,Audit,Multi-factor Authentication,Operating System Configuration,Password Policies,Privileged Account Management,Privileged Process Integrity,Restrict File and Directory Permissions,Restrict Registry Permissions,User Account Management,,,,,,,,,,,,,,,,,,,
Credential Access,T1556.009,,,,,,,,,,,,,,,,,,,,,,,,,,,,
Credential Access,T1556.001,,,,,,,,,,,,,,,,,,,,,,,,,,,,
Credential Access,T1556.007,,,,,,,,,,,,,,,,,,,,,,,,,,,,
Credential Access,T1556.006,,,,,,,,,,,,,,,,,,,,,,,,,,,,
Credential Access,T1556.004,,,,,,,,,,,,,,,,,,,,,,,,,,,,
Credential Access,T1556.008,,,,,,,,,,,,,,,,,,,,,,,,,,,,
Credential Access,T1556.002,,,,,,,,,,,,,,,,,,,,,,,,,,,,
Credential Access,T1556.003,,,,,,,,,,,,,,,,,,,,,,,,,,,,
Credential Access,T1556.005,,,,,,,,,,,,,,,,,,,,,,,,,,,,
Credential Access,T1111,User Training,,,,,,,,,,,,,,,,,,,,,,,,,,,
Credential Access,T1621,Account Use Policies,Multi-factor Authentication,User Training,,,,,,,,,,,,,,,,,,,,,,,,,
Credential Access,T1040,Encrypt Sensitive Information,Multi-factor Authentication,Network Segmentation,User Account Management,,,,,,,,,,,,,,,,,,,,,,,,
Credential Access,T1003,Active Directory Configuration,Behavior Prevention on Endpoint,Credential Access Protection,Encrypt Sensitive Information,Operating System Configuration,Password Policies,Privileged Account Management,Privileged Process Integrity,User Training,,,,,,,,,,,,,,,,,,,
Credential Access,T1003.008,,,,,,,,,,,,,,,,,,,,,,,,,,,,
Credential Access,T1003.005,,,,,,,,,,,,,,,,,,,,,,,,,,,,
Credential Access,T1003.006,,,,,,,,,,,,,,,,,,,,,,,,,,,,
Credential Access,T1003.004,,,,,,,,,,,,,,,,,,,,,,,,,,,,
Credential Access,T1003.001,,,,,,,,,,,,,,,,,,,,,,,,,,,,
Credential Access,T1003.003,,,,,,,,,,,,,,,,,,,,,,,,,,,,
Credential Access,T1003.007,,,,,,,,,,,,,,,,,,,,,,,,,,,,
Credential Access,T1003.002,,,,,,,,,,,,,,,,,,,,,,,,,,,,
Credential Access,T1528,Audit,Restrict Web-Based Content,User Account Management,User Training,,,,,,,,,,,,,,,,,,,,,,,,
Credential Access,T1539,Multi-factor Authentication,Software Configuration,User Training,,,,,,,,,,,,,,,,,,,,,,,,,
Credential Access,T1649,Active Directory Configuration,Audit,Disable or Remove Feature or Program,Encrypt Sensitive Information,,,,,,,,,,,,,,,,,,,,,,,,
Credential Access,T1558,Active Directory Configuration,Audit,Encrypt Sensitive Information,Password Policies,Privileged Account Management,,,,,,,,,,,,,,,,,,,,,,,
Credential Access,T1558.004,,,,,,,,,,,,,,,,,,,,,,,,,,,,
Credential Access,T1558.001,,,,,,,,,,,,,,,,,,,,,,,,,,,,
Credential Access,T1558.003,,,,,,,,,,,,,,,,,,,,,,,,,,,,
Credential Access,T1558.002,,,,,,,,,,,,,,,,,,,,,,,,,,,,
Credential Access,T1552,Active Directory Configuration,Audit,Encrypt Sensitive Information,Filter Network Traffic,Limit Access to Resource Over Network,Operating System Configuration,Password Policies,Privileged Account Management,Restrict File and Directory Permissions,Update Software,User Training,,,,,,,,,,,,,,,,,
Credential Access,T1552.003,,,,,,,,,,,,,,,,,,,,,,,,,,,,
Credential Access,T1552.008,,,,,,,,,,,,,,,,,,,,,,,,,,,,
Credential Access,T1552.005,,,,,,,,,,,,,,,,,,,,,,,,,,,,
Credential Access,T1552.007,,,,,,,,,,,,,,,,,,,,,,,,,,,,
Credential Access,T1552.001,,,,,,,,,,,,,,,,,,,,,,,,,,,,
Credential Access,T1552.002,,,,,,,,,,,,,,,,,,,,,,,,,,,,
Credential Access,T1552.006,,,,,,,,,,,,,,,,,,,,,,,,,,,,
Credential Access,T1552.004,,,,,,,,,,,,,,,,,,,,,,,,,,,,
Discovery,T1087,Operating System Configuration,User Account Management,,,,,,,,,,,,,,,,,,,,,,,,,,
Discovery,T1087.004,,,,,,,,,,,,,,,,,,,,,,,,,,,,
Discovery,T1087.002,,,,,,,,,,,,,,,,,,,,,,,,,,,,
Discovery,T1087.003,,,,,,,,,,,,,,,,,,,,,,,,,,,,
Discovery,T1087.001,,,,,,,,,,,,,,,,,,,,,,,,,,,,
Discovery,T1010,,,,,,,,,,,,,,,,,,,,,,,,,,,,
Discovery,T1217,,,,,,,,,,,,,,,,,,,,,,,,,,,,
Discovery,T1580,User Account Management,,,,,,,,,,,,,,,,,,,,,,,,,,,
Discovery,T1538,User Account Management,,,,,,,,,,,,,,,,,,,,,,,,,,,
Discovery,T1526,,,,,,,,,,,,,,,,,,,,,,,,,,,,
Discovery,T1619,User Account Management,,,,,,,,,,,,,,,,,,,,,,,,,,,
Discovery,T1613,Limit Access to Resource Over Network,Network Segmentation,User Account Management,,,,,,,,,,,,,,,,,,,,,,,,,
Discovery,T1622,,,,,,,,,,,,,,,,,,,,,,,,,,,,
Discovery,T1652,,,,,,,,,,,,,,,,,,,,,,,,,,,,
Discovery,T1482,Audit,Network Segmentation,,,,,,,,,,,,,,,,,,,,,,,,,,
Discovery,T1083,,,,,,,,,,,,,,,,,,,,,,,,,,,,
Discovery,T1615,,,,,,,,,,,,,,,,,,,,,,,,,,,,
Discovery,T1654,User Account Management,,,,,,,,,,,,,,,,,,,,,,,,,,,
Discovery,T1046,Disable or Remove Feature or Program,Network Intrusion Prevention,Network Segmentation,,,,,,,,,,,,,,,,,,,,,,,,,
Discovery,T1135,Operating System Configuration,,,,,,,,,,,,,,,,,,,,,,,,,,,
Discovery,T1040,Encrypt Sensitive Information,Multi-factor Authentication,Network Segmentation,User Account Management,,,,,,,,,,,,,,,,,,,,,,,,
Discovery,T1201,Password Policies,,,,,,,,,,,,,,,,,,,,,,,,,,,
Discovery,T1120,,,,,,,,,,,,,,,,,,,,,,,,,,,,
Discovery,T1069,,,,,,,,,,,,,,,,,,,,,,,,,,,,
Discovery,T1069.003,,,,,,,,,,,,,,,,,,,,,,,,,,,,
Discovery,T1069.002,,,,,,,,,,,,,,,,,,,,,,,,,,,,
Discovery,T1069.001,,,,,,,,,,,,,,,,,,,,,,,,,,,,
Discovery,T1057,,,,,,,,,,,,,,,,,,,,,,,,,,,,
Discovery,T1012,,,,,,,,,,,,,,,,,,,,,,,,,,,,
Discovery,T1018,,,,,,,,,,,,,,,,,,,,,,,,,,,,
Discovery,T1518,,,,,,,,,,,,,,,,,,,,,,,,,,,,
Discovery,T1518.001,,,,,,,,,,,,,,,,,,,,,,,,,,,,
Discovery,T1082,,,,,,,,,,,,,,,,,,,,,,,,,,,,
Discovery,T1614,,,,,,,,,,,,,,,,,,,,,,,,,,,,
Discovery,T1614.001,,,,,,,,,,,,,,,,,,,,,,,,,,,,
Discovery,T1016,,,,,,,,,,,,,,,,,,,,,,,,,,,,
Discovery,T1016.001,,,,,,,,,,,,,,,,,,,,,,,,,,,,
Discovery,T1016.002,,,,,,,,,,,,,,,,,,,,,,,,,,,,
Discovery,T1049,,,,,,,,,,,,,,,,,,,,,,,,,,,,
Discovery,T1033,,,,,,,,,,,,,,,,,,,,,,,,,,,,
Discovery,T1007,,,,,,,,,,,,,,,,,,,,,,,,,,,,
Discovery,T1124,,,,,,,,,,,,,,,,,,,,,,,,,,,,
Discovery,T1497,,,,,,,,,,,,,,,,,,,,,,,,,,,,
Discovery,T1497.001,,,,,,,,,,,,,,,,,,,,,,,,,,,,
Discovery,T1497.003,,,,,,,,,,,,,,,,,,,,,,,,,,,,
Discovery,T1497.002,,,,,,,,,,,,,,,,,,,,,,,,,,,,
Lateral Movement,T1210,Application Isolation and Sandboxing,Disable or Remove Feature or Program,Exploit Protection,Network Segmentation,Privileged Account Management,Threat Intelligence Program,Update Software,Vulnerability Scanning,,,,,,,,,,,,,,,,,,,,
Lateral Movement,T1534,,,,,,,,,,,,,,,,,,,,,,,,,,,,
Lateral Movement,T1570,Filter Network Traffic,Network Intrusion Prevention,,,,,,,,,,,,,,,,,,,,,,,,,,
Lateral Movement,T1563,Disable or Remove Feature or Program,Network Segmentation,Password Policies,Privileged Account Management,User Account Management,,,,,,,,,,,,,,,,,,,,,,,
Lateral Movement,T1563.002,,,,,,,,,,,,,,,,,,,,,,,,,,,,
Lateral Movement,T1563.001,,,,,,,,,,,,,,,,,,,,,,,,,,,,
Lateral Movement,T1021,Application Isolation and Sandboxing,Audit,Disable or Remove Feature or Program,Disable or Remove Feature or Program,Disable or Remove Feature or Program,Exploit Protection,Limit Access to Resource Over Network,Limit Access to Resource Over Network,Multi-factor Authentication,Multi-factor Authentication,Network Segmentation,Network Segmentation,Password Policies,Privileged Account Management,Threat Intelligence Program,Update Software,User Account Management,Vulnerability Scanning,,,,,,,,,,
Lateral Movement,T1021.007,,,,,,,,,,,,,,,,,,,,,,,,,,,,
Lateral Movement,T1021.008,,,,,,,,,,,,,,,,,,,,,,,,,,,,
Lateral Movement,T1021.003,,,,,,,,,,,,,,,,,,,,,,,,,,,,
Lateral Movement,T1021.001,,,,,,,,,,,,,,,,,,,,,,,,,,,,
Lateral Movement,T1021.002,,,,,,,,,,,,,,,,,,,,,,,,,,,,
Lateral Movement,T1021.004,,,,,,,,,,,,,,,,,,,,,,,,,,,,
Lateral Movement,T1021.005,,,,,,,,,,,,,,,,,,,,,,,,,,,,
Lateral Movement,T1021.006,,,,,,,,,,,,,,,,,,,,,,,,,,,,
Lateral Movement,T1091,Behavior Prevention on Endpoint,Disable or Remove Feature or Program,Limit Hardware Installation,,,,,,,,,,,,,,,,,,,,,,,,,
Lateral Movement,T1072,Active Directory Configuration,Limit Software Installation,Multi-factor Authentication,Network Segmentation,Password Policies,Privileged Account Management,Remote Data Storage,Update Software,User Account Management,User Training,,,,,,,,,,,,,,,,,,
Lateral Movement,T1080,Antivirus/Antimalware,Execution Prevention,Exploit Protection,Restrict File and Directory Permissions,,,,,,,,,,,,,,,,,,,,,,,,
Lateral Movement,T1550,Active Directory Configuration,Application Developer Guidance,Audit,Password Policies,Privileged Account Management,User Account Management,,,,,,,,,,,,,,,,,,,,,,
Lateral Movement,T1550.001,,,,,,,,,,,,,,,,,,,,,,,,,,,,
Lateral Movement,T1550.002,,,,,,,,,,,,,,,,,,,,,,,,,,,,
Lateral Movement,T1550.003,,,,,,,,,,,,,,,,,,,,,,,,,,,,
Lateral Movement,T1550.004,,,,,,,,,,,,,,,,,,,,,,,,,,,,
Collection,T1557,Disable or Remove Feature or Program,Encrypt Sensitive Information,Filter Network Traffic,Limit Access to Resource Over Network,Network Intrusion Prevention,Network Segmentation,User Training,,,,,,,,,,,,,,,,,,,,,
Collection,T1557.002,,,,,,,,,,,,,,,,,,,,,,,,,,,,
Collection,T1557.003,,,,,,,,,,,,,,,,,,,,,,,,,,,,
Collection,T1557.001,,,,,,,,,,,,,,,,,,,,,,,,,,,,
Collection,T1560,Audit,,,,,,,,,,,,,,,,,,,,,,,,,,,
Collection,T1560.003,,,,,,,,,,,,,,,,,,,,,,,,,,,,
Collection,T1560.002,,,,,,,,,,,,,,,,,,,,,,,,,,,,
Collection,T1560.001,,,,,,,,,,,,,,,,,,,,,,,,,,,,
Collection,T1123,,,,,,,,,,,,,,,,,,,,,,,,,,,,
Collection,T1119,Encrypt Sensitive Information,Remote Data Storage,,,,,,,,,,,,,,,,,,,,,,,,,,
Collection,T1185,User Account Management,User Training,,,,,,,,,,,,,,,,,,,,,,,,,,
Collection,T1115,,,,,,,,,,,,,,,,,,,,,,,,,,,,
Collection,T1074,,,,,,,,,,,,,,,,,,,,,,,,,,,,
Collection,T1074.001,,,,,,,,,,,,,,,,,,,,,,,,,,,,
Collection,T1074.002,,,,,,,,,,,,,,,,,,,,,,,,,,,,
Collection,T1530,Audit,Encrypt Sensitive Information,Filter Network Traffic,Multi-factor Authentication,Restrict File and Directory Permissions,User Account Management,,,,,,,,,,,,,,,,,,,,,,
Collection,T1602,Encrypt Sensitive Information,Filter Network Traffic,Network Intrusion Prevention,Network Segmentation,Software Configuration,Update Software,,,,,,,,,,,,,,,,,,,,,,
Collection,T1602.002,,,,,,,,,,,,,,,,,,,,,,,,,,,,
Collection,T1602.001,,,,,,,,,,,,,,,,,,,,,,,,,,,,
Collection,T1213,Audit,Multi-factor Authentication,User Account Management,User Training,,,,,,,,,,,,,,,,,,,,,,,,
Collection,T1213.003,,,,,,,,,,,,,,,,,,,,,,,,,,,,
Collection,T1213.001,,,,,,,,,,,,,,,,,,,,,,,,,,,,
Collection,T1213.002,,,,,,,,,,,,,,,,,,,,,,,,,,,,
Collection,T1005,Data Loss Prevention,,,,,,,,,,,,,,,,,,,,,,,,,,,
Collection,T1039,,,,,,,,,,,,,,,,,,,,,,,,,,,,
Collection,T1025,Data Loss Prevention,,,,,,,,,,,,,,,,,,,,,,,,,,,
Collection,T1114,Audit,Encrypt Sensitive Information,Encrypt Sensitive Information,Encrypt Sensitive Information,Multi-factor Authentication,Multi-factor Authentication,,,,,,,,,,,,,,,,,,,,,,
Collection,T1114.003,,,,,,,,,,,,,,,,,,,,,,,,,,,,
Collection,T1114.001,,,,,,,,,,,,,,,,,,,,,,,,,,,,
Collection,T1114.002,,,,,,,,,,,,,,,,,,,,,,,,,,,,
Collection,T1056,User Training,,,,,,,,,,,,,,,,,,,,,,,,,,,
Collection,T1056.004,,,,,,,,,,,,,,,,,,,,,,,,,,,,
Collection,T1056.002,,,,,,,,,,,,,,,,,,,,,,,,,,,,
Collection,T1056.001,,,,,,,,,,,,,,,,,,,,,,,,,,,,
Collection,T1056.003,,,,,,,,,,,,,,,,,,,,,,,,,,,,
Collection,T1113,,,,,,,,,,,,,,,,,,,,,,,,,,,,
Collection,T1125,,,,,,,,,,,,,,,,,,,,,,,,,,,,
Command and Control,T1071,Filter Network Traffic,Filter Network Traffic,Network Intrusion Prevention,Network Intrusion Prevention,Network Segmentation,,,,,,,,,,,,,,,,,,,,,,,
Command and Control,T1071.004,,,,,,,,,,,,,,,,,,,,,,,,,,,,
Command and Control,T1071.002,,,,,,,,,,,,,,,,,,,,,,,,,,,,
Command and Control,T1071.003,,,,,,,,,,,,,,,,,,,,,,,,,,,,
Command and Control,T1071.001,,,,,,,,,,,,,,,,,,,,,,,,,,,,
Command and Control,T1092,Disable or Remove Feature or Program,Operating System Configuration,,,,,,,,,,,,,,,,,,,,,,,,,,
Command and Control,T1659,Encrypt Sensitive Information,Restrict Web-Based Content,,,,,,,,,,,,,,,,,,,,,,,,,,
Command and Control,T1132,Network Intrusion Prevention,,,,,,,,,,,,,,,,,,,,,,,,,,,
Command and Control,T1132.002,,,,,,,,,,,,,,,,,,,,,,,,,,,,
Command and Control,T1132.001,,,,,,,,,,,,,,,,,,,,,,,,,,,,
Command and Control,T1001,Network Intrusion Prevention,,,,,,,,,,,,,,,,,,,,,,,,,,,
Command and Control,T1001.001,,,,,,,,,,,,,,,,,,,,,,,,,,,,
Command and Control,T1001.003,,,,,,,,,,,,,,,,,,,,,,,,,,,,
Command and Control,T1001.002,,,,,,,,,,,,,,,,,,,,,,,,,,,,
Command and Control,T1568,Network Intrusion Prevention,Restrict Web-Based Content,,,,,,,,,,,,,,,,,,,,,,,,,,
Command and Control,T1568.003,,,,,,,,,,,,,,,,,,,,,,,,,,,,
Command and Control,T1568.002,,,,,,,,,,,,,,,,,,,,,,,,,,,,
Command and Control,T1568.001,,,,,,,,,,,,,,,,,,,,,,,,,,,,
Command and Control,T1573,Network Intrusion Prevention,SSL/TLS Inspection,,,,,,,,,,,,,,,,,,,,,,,,,,
Command and Control,T1573.002,,,,,,,,,,,,,,,,,,,,,,,,,,,,
Command and Control,T1573.001,,,,,,,,,,,,,,,,,,,,,,,,,,,,
Command and Control,T1008,Network Intrusion Prevention,,,,,,,,,,,,,,,,,,,,,,,,,,,
Command and Control,T1665,,,,,,,,,,,,,,,,,,,,,,,,,,,,
Command and Control,T1105,Network Intrusion Prevention,,,,,,,,,,,,,,,,,,,,,,,,,,,
Command and Control,T1104,Network Intrusion Prevention,,,,,,,,,,,,,,,,,,,,,,,,,,,
Command and Control,T1095,Filter Network Traffic,Network Intrusion Prevention,Network Segmentation,,,,,,,,,,,,,,,,,,,,,,,,,
Command and Control,T1571,Network Intrusion Prevention,Network Segmentation,,,,,,,,,,,,,,,,,,,,,,,,,,
Command and Control,T1572,Filter Network Traffic,Network Intrusion Prevention,,,,,,,,,,,,,,,,,,,,,,,,,,
Command and Control,T1090,Disable or Remove Feature or Program,Disable or Remove Feature or Program,Execution Prevention,Execution Prevention,Execution Prevention,Exploit Protection,Filter Network Traffic,Filter Network Traffic,Filter Network Traffic,Network Intrusion Prevention,Network Intrusion Prevention,Network Intrusion Prevention,Privileged Account Management,Restrict Web-Based Content,SSL/TLS Inspection,,,,,,,,,,,,,
Command and Control,T1090.004,,,,,,,,,,,,,,,,,,,,,,,,,,,,
Command and Control,T1090.002,,,,,,,,,,,,,,,,,,,,,,,,,,,,
Command and Control,T1090.001,,,,,,,,,,,,,,,,,,,,,,,,,,,,
Command and Control,T1090.003,,,,,,,,,,,,,,,,,,,,,,,,,,,,
Command and Control,T1219,Disable or Remove Feature or Program,Execution Prevention,Filter Network Traffic,Network Intrusion Prevention,,,,,,,,,,,,,,,,,,,,,,,,
Command and Control,T1205,Disable or Remove Feature or Program,Filter Network Traffic,,,,,,,,,,,,,,,,,,,,,,,,,,
Command and Control,T1205.001,,,,,,,,,,,,,,,,,,,,,,,,,,,,
Command and Control,T1205.002,,,,,,,,,,,,,,,,,,,,,,,,,,,,
Command and Control,T1102,Data Loss Prevention,Network Intrusion Prevention,Pre-compromise,Pre-compromise,Restrict Web-Based Content,Restrict Web-Based Content,,,,,,,,,,,,,,,,,,,,,,
Command and Control,T1102.002,,,,,,,,,,,,,,,,,,,,,,,,,,,,
Command and Control,T1102.001,,,,,,,,,,,,,,,,,,,,,,,,,,,,
Command and Control,T1102.003,,,,,,,,,,,,,,,,,,,,,,,,,,,,
Exfiltration,T1020,,,,,,,,,,,,,,,,,,,,,,,,,,,,
Exfiltration,T1020.001,,,,,,,,,,,,,,,,,,,,,,,,,,,,
Exfiltration,T1030,Network Intrusion Prevention,,,,,,,,,,,,,,,,,,,,,,,,,,,
Exfiltration,T1048,Data Loss Prevention,Filter Network Traffic,Network Intrusion Prevention,Network Segmentation,Restrict File and Directory Permissions,User Account Management,,,,,,,,,,,,,,,,,,,,,,
Exfiltration,T1048.002,,,,,,,,,,,,,,,,,,,,,,,,,,,,
Exfiltration,T1048.001,,,,,,,,,,,,,,,,,,,,,,,,,,,,
Exfiltration,T1048.003,,,,,,,,,,,,,,,,,,,,,,,,,,,,
Exfiltration,T1041,Data Loss Prevention,Network Intrusion Prevention,,,,,,,,,,,,,,,,,,,,,,,,,,
Exfiltration,T1011,Disable or Remove Feature or Program,Operating System Configuration,,,,,,,,,,,,,,,,,,,,,,,,,,
Exfiltration,T1011.001,,,,,,,,,,,,,,,,,,,,,,,,,,,,
Exfiltration,T1052,Data Loss Prevention,Disable or Remove Feature or Program,Limit Hardware Installation,,,,,,,,,,,,,,,,,,,,,,,,,
Exfiltration,T1052.001,,,,,,,,,,,,,,,,,,,,,,,,,,,,
Exfiltration,T1567,Data Loss Prevention,Restrict Web-Based Content,,,,,,,,,,,,,,,,,,,,,,,,,,
Exfiltration,T1567.004,,,,,,,,,,,,,,,,,,,,,,,,,,,,
Exfiltration,T1567.002,,,,,,,,,,,,,,,,,,,,,,,,,,,,
Exfiltration,T1567.001,,,,,,,,,,,,,,,,,,,,,,,,,,,,
Exfiltration,T1567.003,,,,,,,,,,,,,,,,,,,,,,,,,,,,
Exfiltration,T1029,Network Intrusion Prevention,,,,,,,,,,,,,,,,,,,,,,,,,,,
Exfiltration,T1537,Data Loss Prevention,Filter Network Traffic,Software Configuration,User Account Management,,,,,,,,,,,,,,,,,,,,,,,,
Impact,T1531,,,,,,,,,,,,,,,,,,,,,,,,,,,,
Impact,T1485,Data Backup,,,,,,,,,,,,,,,,,,,,,,,,,,,
Impact,T1486,Behavior Prevention on Endpoint,Data Backup,,,,,,,,,,,,,,,,,,,,,,,,,,
Impact,T1565,Encrypt Sensitive Information,Encrypt Sensitive Information,Encrypt Sensitive Information,Network Segmentation,Network Segmentation,Remote Data Storage,Remote Data Storage,Restrict File and Directory Permissions,Restrict File and Directory Permissions,Restrict File and Directory Permissions,,,,,,,,,,,,,,,,,,
Impact,T1565.003,,,,,,,,,,,,,,,,,,,,,,,,,,,,
Impact,T1565.001,,,,,,,,,,,,,,,,,,,,,,,,,,,,
Impact,T1565.002,,,,,,,,,,,,,,,,,,,,,,,,,,,,
Impact,T1491,Data Backup,Data Backup,Data Backup,,,,,,,,,,,,,,,,,,,,,,,,,
Impact,T1491.002,,,,,,,,,,,,,,,,,,,,,,,,,,,,
Impact,T1491.001,,,,,,,,,,,,,,,,,,,,,,,,,,,,
Impact,T1561,Data Backup,,,,,,,,,,,,,,,,,,,,,,,,,,,
Impact,T1561.001,,,,,,,,,,,,,,,,,,,,,,,,,,,,
Impact,T1561.002,,,,,,,,,,,,,,,,,,,,,,,,,,,,
Impact,T1499,Filter Network Traffic,,,,,,,,,,,,,,,,,,,,,,,,,,,
Impact,T1499.003,,,,,,,,,,,,,,,,,,,,,,,,,,,,
Impact,T1499.004,,,,,,,,,,,,,,,,,,,,,,,,,,,,
Impact,T1499.001,,,,,,,,,,,,,,,,,,,,,,,,,,,,
Impact,T1499.002,,,,,,,,,,,,,,,,,,,,,,,,,,,,
Impact,T1657,User Account Management,User Training,,,,,,,,,,,,,,,,,,,,,,,,,,
Impact,T1495,Boot Integrity,Privileged Account Management,Update Software,,,,,,,,,,,,,,,,,,,,,,,,,
Impact,T1490,Data Backup,Execution Prevention,Operating System Configuration,User Account Management,,,,,,,,,,,,,,,,,,,,,,,,
Impact,T1498,Filter Network Traffic,,,,,,,,,,,,,,,,,,,,,,,,,,,
Impact,T1498.001,,,,,,,,,,,,,,,,,,,,,,,,,,,,
Impact,T1498.002,,,,,,,,,,,,,,,,,,,,,,,,,,,,
Impact,T1496,,,,,,,,,,,,,,,,,,,,,,,,,,,,
Impact,T1489,Network Segmentation,Restrict File and Directory Permissions,Restrict Registry Permissions,User Account Management,,,,,,,,,,,,,,,,,,,,,,,,
Impact,T1529,,,,,,,,,,,,,,,,,,,,,,,,,,,,
